arboles_escogidos_x,arboles_escogidos_y
1.6,19.2
1.6,38.4
1.6,57.599999999999994
1.6,76.8
3.2,19.2
3.2,38.4
3.2,57.599999999999994
3.2,76.8
4.800000000000001,19.2
4.800000000000001,38.4
4.800000000000001,57.599999999999994
4.800000000000001,76.8
6.4,19.2
6.4,38.4
6.4,57.599999999999994
6.4,76.8
