arboles_escogidos_x,arboles_escogidos_y
2.6666666666666665,32.0
2.6666666666666665,64.0
5.333333333333333,32.0
5.333333333333333,64.0
4.0,48.0
