marcadores_x,marcadores_y
1.5,19.2
1.5,38.4
1.5,57.599999999999994
1.5,76.8
3.5,19.2
3.5,38.4
3.5,57.599999999999994
3.5,76.8
5.5,19.2
5.5,38.4
5.5,57.599999999999994
5.5,76.8
0.5,0.5833333333333333
0.5,95.58333333333333
7.5,0.5833333333333333
7.5,95.58333333333333
